Workbook
Name Eolien_Actuel: TIMESERIES!$AF$4
Name PuissanceEolien: TIMESERIES!$AC$4
Name PuissancePV: TIMESERIES!$AC$3
Name PV_actuel: TIMESERIES!$AF$3

Sheet ASSETS
A1: Name | B1: energy_in | C1: energy_out | D1: region | E1: avail | F1: pmax | G1: pmin | H1: dmin | I1: on_init | J1: h_on | K1: h_off | L1: efficiency | M1: emax | N1: e_init | O1: price | P1: family
A2: Nuclear_1 | C2: elec | E2: 1 | F2: 900 | G2: 300 | H2: 24 | I2: 0 | J2: 0 | K2: 24 | L2: 1 | M2: 0 | N2: 0 | O2: 12 | P2: disp
A3: Nuclear_2 | C3: elec | E3: 1 | F3: 900 | G3: 300 | H3: 24 | I3: 0 | J3: 0 | K3: 24 | L3: 1 | M3: 0 | N3: 0 | O3: 12 | P3: disp
A4: Nuclear_3 | C4: elec | E4: 1 | F4: 900 | G4: 300 | H4: 24 | I4: 0 | J4: 0 | K4: 24 | L4: 1 | M4: 0 | N4: 0 | O4: 12 | P4: disp
A5: Nuclear_4 | C5: elec | E5: 1 | F5: 900 | G5: 300 | H5: 24 | I5: 0 | J5: 0 | K5: 24 | L5: 1 | M5: 0 | N5: 0 | O5: 12 | P5: disp
A6: Nuclear_5 | C6: elec | E6: 1 | F6: 1300 | G6: 330 | H6: 24 | I6: 0 | J6: 0 | K6: 24 | L6: 1 | M6: 0 | N6: 0 | O6: 12 | P6: disp
A7: Nuclear_6 | C7: elec | E7: 1 | F7: 1300 | G7: 330 | H7: 24 | I7: 0 | J7: 0 | K7: 24 | L7: 1 | M7: 0 | N7: 0 | O7: 12 | P7: disp
A8: Coal_1 | C8: elec | E8: 1 | F8: 600 | G8: 210 | H8: 8 | I8: 0 | J8: 0 | K8: 8 | L8: 0.38 | M8: 0 | N8: 0 | O8: 36 | P8: disp
A9: Coal_2 | C9: elec | E9: 1 | F9: 600 | G9: 210 | H9: 8 | I9: 0 | J9: 0 | K9: 8 | L9: 0.38 | M9: 0 | N9: 0 | O9: 36 | P9: disp
A10: Coal_3 | C10: elec | E10: 1 | F10: 600 | G10: 210 | H10: 8 | I10: 0 | J10: 0 | K10: 8 | L10: 0.38 | M10: 0 | N10: 0 | O10: 36 | P10: disp
A11: Coal_4 | C11: elec | E11: 1 | F11: 600 | G11: 210 | H11: 8 | I11: 0 | J11: 0 | K11: 8 | L11: 0.38 | M11: 0 | N11: 0 | O11: 36 | P11: disp
A12: Fioul_1 | C12: elec | E12: 1 | F12: 65 | G12: 20 | H12: 1 | I12: 0 | J12: 0 | K12: 1 | L12: 1 | M12: 0 | N12: 0 | O12: 100 | P12: disp
A13: Fioul_2 | C13: elec | E13: 1 | F13: 95 | G13: 30 | H13: 1 | I13: 0 | J13: 0 | K13: 1 | L13: 1 | M13: 0 | N13: 0 | O13: 100 | P13: disp
A14: CCG_1 | B14: gas | C14: elec | D14: n | E14: 1 | F14: 390 | G14: 135 | H14: 4 | I14: 0 | J14: 0 | K14: 4 | L14: 0.6 | M14: 0 | N14: 0 | O14: 40 | P14: disp
A15: CCG_2 | B15: gas | C15: elec | D15: n | E15: 1 | F15: 394 | G15: 137 | H15: 4 | I15: 0 | J15: 0 | K15: 4 | L15: 0.6 | M15: 0 | N15: 0 | O15: 40 | P15: disp
A16: CCG_3 | B16: gas | C16: elec | D16: n | E16: 1 | F16: 394 | G16: 137 | H16: 4 | I16: 0 | J16: 0 | K16: 4 | L16: 0.6 | M16: 0 | N16: 0 | O16: 40 | P16: disp
A17: CCG_4 | B17: gas | C17: elec | D17: s | E17: 1 | F17: 430 | G17: 151 | H17: 4 | I17: 0 | J17: 0 | K17: 4 | L17: 0.6 | M17: 0 | N17: 0 | O17: 40 | P17: disp
A18: CCG_5 | B18: gas | C18: elec | D18: s | E18: 1 | F18: 430 | G18: 151 | H18: 4 | I18: 0 | J18: 0 | K18: 4 | L18: 0.6 | M18: 0 | N18: 0 | O18: 40 | P18: disp
A19: CCG_6 | B19: gas | C19: elec | D19: s | E19: 1 | F19: 430 | G19: 151 | H19: 4 | I19: 0 | J19: 0 | K19: 4 | L19: 0.6 | M19: 0 | N19: 0 | O19: 40 | P19: disp
A20: CCG_7 | B20: gas | C20: elec | D20: s | E20: 1 | F20: 430 | G20: 151 | H20: 4 | I20: 0 | J20: 0 | K20: 4 | L20: 0.6 | M20: 0 | N20: 0 | O20: 40 | P20: disp
A21: TAC_1 | B21: gas | C21: elec | D21: n | E21: 1 | F21: 85 | G21: 34 | H21: 1 | I21: 0 | J21: 0 | K21: 1 | L21: 0.4 | M21: 0 | N21: 0 | O21: 70 | P21: disp
A22: TAC_2 | B22: gas | C22: elec | D22: s | E22: 1 | F22: 85 | G22: 34 | H22: 1 | I22: 0 | J22: 0 | K22: 1 | L22: 0.4 | M22: 0 | N22: 0 | O22: 70 | P22: disp
A23: CHP_N | B23: gas | C23: elec | D23: n | E23: 1 | F23: 450 | G23: 0 | H23: 0 | I23: 0 | J23: 0 | K23: 0 | L23: 0.5 | M23: 0 | N23: 0 | O23: 70 | P23: disp
A24: CHP_S | B24: gas | C24: elec | D24: s | E24: 1 | F24: 432 | G24: 0 | H24: 0 | I24: 0 | J24: 0 | K24: 0 | L24: 0.5 | M24: 0 | N24: 0 | O24: 70 | P24: disp
A25: Waste | C25: elec | E25: 1 | F25: 1000 | G25: 0 | H25: 0 | I25: 0 | J25: 0 | K25: 0 | L25: 1 | M25: 0 | N25: 0 | O25: 0 | P25: inter
A26: Biomass | C26: elec | E26: 1 | F26: 1000 | G26: 0 | H26: 0 | I26: 0 | J26: 0 | K26: 0 | L26: 1 | M26: 0 | N26: 0 | O26: 0 | P26: inter
A27: Hydro_FO | C27: elec | E27: 1 | F27: 1000 | G27: 0 | H27: 0 | I27: 0 | J27: 0 | K27: 0 | L27: 1 | M27: 0 | N27: 0 | O27: 0 | P27: inter
A28: Hydro_lake | C28: elec | E28: 1 | F28: 6000 | G28: 0 | H28: 0 | I28: 0 | J28: 0 | K28: 0 | L28: 1 | M28: 0 | N28: 0 | O28: 0 | P28: inter
A29: Wind_onshore | C29: elec | E29: 1 | F29: 5900 | G29: 0 | H29: 0 | I29: 0 | J29: 0 | K29: 0 | L29: 1 | M29: 0 | N29: 0 | O29: 0 | P29: inter
A30: Wind_offshore | C30: elec | E30: 1 | F30: 500 | G30: 0 | H30: 0 | I30: 0 | J30: 0 | K30: 0 | L30: 1 | M30: 0 | N30: 0 | O30: 0 | P30: inter
A31: PV | C31: elec | E31: 1 | F31: 10000 | G31: 0 | H31: 0 | I31: 0 | J31: 0 | K31: 0 | L31: 1 | M31: 0 | N31: 0 | O31: 0 | P31: inter
A32: STEP_8_PUMPS | B32: elec | C32: elec | E32: 1 | F32: =150*8 -> 1200 | G32: 0 | H32: 0 | I32: 0 | J32: 0 | K32: 0 | L32: 0.75 | M32: =24*7*F32 -> 201600 | N32: 0 | O32: 0 | P32: stock
A33: Methanizer_1 | C33: gas | D33: s | E33: 1 | F33: 4167 | G33: 4000 | H33: 168 | I33: 0 | J33: 0 | K33: 168 | L33: 1 | M33: 0 | N33: 0 | O33: 24 | P33: disp
A34: LNG_imports | C34: gas | D34: s | E34: 1 | F34: 12500 | G34: 0 | H34: 0 | I34: 0 | J34: 0 | K34: 0 | L34: 1 | M34: 0 | N34: 0 | O34: 150 | P34: disp
A35: Methanizer_2 | C35: gas | D35: n | E35: 1 | F35: 2083 | G35: 2000 | H35: 168 | I35: 0 | J35: 0 | K35: 168 | L35: 1 | M35: 0 | N35: 0 | O35: 24 | P35: disp
A36: Pyrogazeification | C36: gas | D36: n | E36: 1 | F36: 2083 | G36: 1708 | H36: 168 | I36: 0 | J36: 0 | K36: 168 | L36: 1 | M36: 0 | N36: 0 | O36: 25 | P36: disp
A37: Electrolyzer | B37: elec | C37: h2 | D37: s | E37: 1 | F37: 104 | G37: 0 | H37: 0 | I37: 0 | J37: 0 | K37: 0 | L37: 0.7 | M37: 0 | N37: 0 | O37: 10 | P37: disp
A38: Vaporeformer | B38: gas | C38: h2 | D38: n | E38: 1 | F38: 42 | G38: 13 | H38: 168 | I38: 0 | J38: 0 | K38: 168 | L38: 0.7 | M38: 0 | N38: 0 | O38: 50 | P38: disp

Sheet INTERCONN
A1: Type | B1: pmax | C1: avail | D1: energy | E1: region_ref
A2: Gas_interconnexion_N | B2: 4167 | D2: gas | E2: n
A3: Gas_interconnexion_S | B3: 4167 | D3: gas | E3: s
A4: H2_interconnexion_N | B4: 104 | D4: h2 | E4: n
A5: H2_interconnexion_S | B5: 104 | D5: h2 | E5: s

Sheet TIMESERIES
A1: Date | B1: Heure | C1: ELEC_LOAD | D1: GAS_LOAD_NORTH | E1: GAS_LOAD_SOUTH | F1: H2_LOAD_NORTH | G1: PV fatal | H1: Eolien total fatal (MW) | I1: Eolien terrestre fatal (MW) | J1: Eolien offshore fatal (MW) | K1: Reste fatal (hydro fatal+thermique fatal) (MW) | L1: Hydro total fatal (MW) | M1: Hydro fil de l'eau fatal (MW) | N1: Hydro lacs fatal (MW) | O1: STEP fatal (MW) | P1: Thermique fatal (biomasse, déchets, cogénération) (MW) | Q1: Petite biomasse fatal (MW) | R1: Déchet fatal (MW) | S1: Biogaz issu petite biomasse fatal (MW)
A2: 46207 | B2: 0 | C2: 7763 | D2: =GAS_LOAD!K2 -> 2.4595442 | E2: =GAS_LOAD!L2 -> 3.6893163 | F2: =1000000/365/24 -> 114.15525 | G2: 0 | H2: 0 | I2: =WIND!B2 -> 660.0625 | J2: =WIND!C2 -> 55.9375 | K2: 0 | L2: 0 | M2: 650 | N2: 1223 | O2: 0 | P2: 231 | Q2: 0 | R2: 0 | S2: 0
A3: 46207 | B3: 0.041666667 | C3: 7288 | D3: =GAS_LOAD!K3 -> 2.4595442 | E3: =GAS_LOAD!L3 -> 3.6893163 | F3: =1000000/365/24 -> 114.15525 | G3: 0 | H3: 0 | I3: =WIND!B3 -> 524.54688 | J3: =WIND!C3 -> 44.453125 | K3: 0 | L3: 0 | M3: 650 | N3: 1039 | O3: 0 | P3: 228 | Q3: 0 | R3: 0 | S3: 0
A4: 46207 | B4: 0.083333333 | C4: 6913 | D4: =GAS_LOAD!K4 -> 2.4595442 | E4: =GAS_LOAD!L4 -> 3.6893163 | F4: =1000000/365/24 -> 114.15525 | G4: 0 | H4: 0 | I4: =WIND!B4 -> 449.875 | J4: =WIND!C4 -> 38.125 | K4: 0 | L4: 0 | M4: 650 | N4: 0 | O4: 0 | P4: 223 | Q4: 0 | R4: 0 | S4: 0
A5: 46207 | B5: 0.125 | C5: 6486 | D5: =GAS_LOAD!K5 -> 2.4595442 | E5: =GAS_LOAD!L5 -> 3.6893163 | F5: =1000000/365/24 -> 114.15525 | G5: 0 | H5: 0 | I5: =WIND!B5 -> 342.01562 | J5: =WIND!C5 -> 28.984375 | K5: 0 | L5: 0 | M5: 650 | N5: 0 | O5: 0 | P5: 222 | Q5: 0 | R5: 0 | S5: 0
A6: 46207 | B6: 0.16666667 | C6: 6284 | D6: =GAS_LOAD!K6 -> 2.4595442 | E6: =GAS_LOAD!L6 -> 3.6893163 | F6: =1000000/365/24 -> 114.15525 | G6: 0 | H6: 0 | I6: =WIND!B6 -> 354.92188 | J6: =WIND!C6 -> 30.078125 | K6: 0 | L6: 0 | M6: 650 | N6: 222 | O6: 0 | P6: 225 | Q6: 0 | R6: 0 | S6: 0
A7: 46207 | B7: 0.20833333 | C7: 6281 | D7: =GAS_LOAD!K7 -> 2.4595442 | E7: =GAS_LOAD!L7 -> 3.6893163 | F7: =1000000/365/24 -> 114.15525 | G7: 0 | H7: 0 | I7: =WIND!B7 -> 317.125 | J7: =WIND!C7 -> 26.875 | K7: 0 | L7: 0 | M7: 650 | N7: 95 | O7: 0 | P7: 230 | Q7: 0 | R7: 0 | S7: 0
A8: 46207 | B8: 0.25 | C8: 6405 | D8: =GAS_LOAD!K8 -> 2.4595442 | E8: =GAS_LOAD!L8 -> 3.6893163 | F8: =1000000/365/24 -> 114.15525 | G8: 81 | H8: 0 | I8: =WIND!B8 -> 327.26562 | J8: =WIND!C8 -> 27.734375 | K8: 0 | L8: 0 | M8: 650 | N8: 310 | O8: 0 | P8: 261 | Q8: 0 | R8: 0 | S8: 0
A9: 46207 | B9: 0.29166667 | C9: 6742 | D9: =GAS_LOAD!K9 -> 2.4595442 | E9: =GAS_LOAD!L9 -> 3.6893163 | F9: =1000000/365/24 -> 114.15525 | G9: 813 | H9: 0 | I9: =WIND!B9 -> 430.51562 | J9: =WIND!C9 -> 36.484375 | K9: 0 | L9: 0 | M9: 650 | N9: 0 | O9: 0 | P9: 281 | Q9: 0 | R9: 0 | S9: 0
A10: 46207 | B10: 0.33333333 | C10: 7309 | D10: =GAS_LOAD!K10 -> 2.4595442 | E10: =GAS_LOAD!L10 -> 3.6893163 | F10: =1000000/365/24 -> 114.15525 | G10: 2037 | H10: 0 | I10: =WIND!B10 -> 448.03125 | J10: =WIND!C10 -> 37.96875 | K10: 0 | L10: 0 | M10: 650 | N10: 409 | O10: 0 | P10: 283 | Q10: 0 | R10: 0 | S10: 0
A11: 46207 | B11: 0.375 | C11: 7814 | D11: =GAS_LOAD!K11 -> 2.4595442 | E11: =GAS_LOAD!L11 -> 3.6893163 | F11: =1000000/365/24 -> 114.15525 | G11: 3540 | H11: 0 | I11: =WIND!B11 -> 401.9375 | J11: =WIND!C11 -> 34.0625 | K11: 0 | L11: 0 | M11: 650 | N11: 0 | O11: 0 | P11: 285 | Q11: 0 | R11: 0 | S11: 0
A12: 46207 | B12: 0.41666667 | C12: 8021 | D12: =GAS_LOAD!K12 -> 2.4595442 | E12: =GAS_LOAD!L12 -> 3.6893163 | F12: =1000000/365/24 -> 114.15525 | G12: 4626 | H12: 0 | I12: =WIND!B12 -> 448.95312 | J12: =WIND!C12 -> 38.046875 | K12: 0 | L12: 0 | M12: 650 | N12: 0 | O12: 0 | P12: 289 | Q12: 0 | R12: 0 | S12: 0
A13: 46207 | B13: 0.45833333 | C13: 8229 | D13: =GAS_LOAD!K13 -> 2.4595442 | E13: =GAS_LOAD!L13 -> 3.6893163 | F13: =1000000/365/24 -> 114.15525 | G13: 5253 | H13: 0 | I13: =WIND!B13 -> 613.96875 | J13: =WIND!C13 -> 52.03125 | K13: 0 | L13: 0 | M13: 650 | N13: 69 | O13: 0 | P13: 291 | Q13: 0 | R13: 0 | S13: 0
... A25: 46207 | B25: 0.95833333 | C25: 8020 | D25: =GAS_LOAD!K25 -> 2.4595442 | E25: =GAS_LOAD!L25 -> 3.6893163 | F25: =1000000/365/24 -> 114.15525 | G25: 0 | H25: 0 | I25: =WIND!B25 -> 1144.9688 | J25: =WIND!C25 -> 97.03125 | K25: 0 | L25: 0 | M25: 650 | N25: 1104 | O25: 0 | P25: 222 | Q25: 0 | R25: 0 | S25: 0
A26: =A2+1 -> 46208 | B26: 0 | C26: 7401 | D26: =GAS_LOAD!K26 -> 2.4132222 | E26: =GAS_LOAD!L26 -> 3.6198334 | F26: =1000000/365/24 -> 114.15525 | G26: 0 | H26: 0 | I26: =WIND!B26 -> 1098.875 | J26: =WIND!C26 -> 93.125 | K26: 0 | L26: 0 | M26: 650 | N26: 0 | O26: 0 | P26: 243 | Q26: 0 | R26: 0 | S26: 0
A27: =A3+1 -> 46208 | B27: 0.041666667 | C27: 6971 | D27: =GAS_LOAD!K27 -> 2.4132222 | E27: =GAS_LOAD!L27 -> 3.6198334 | F27: =1000000/365/24 -> 114.15525 | G27: 0 | H27: 0 | I27: =WIND!B27 -> 1218.7188 | J27: =WIND!C27 -> 103.28125 | K27: 0 | L27: 0 | M27: 650 | N27: 0 | O27: 0 | P27: 239 | Q27: 0 | R27: 0 | S27: 0
A28: =A4+1 -> 46208 | B28: 0.083333333 | C28: 6596 | D28: =GAS_LOAD!K28 -> 2.4132222 | E28: =GAS_LOAD!L28 -> 3.6198334 | F28: =1000000/365/24 -> 114.15525 | G28: 0 | H28: 0 | I28: =WIND!B28 -> 1444.5781 | J28: =WIND!C28 -> 122.42188 | K28: 0 | L28: 0 | M28: 650 | N28: 0 | O28: 0 | P28: 238 | Q28: 0 | R28: 0 | S28: 0
A29: =A5+1 -> 46208 | B29: 0.125 | C29: 6169 | D29: =GAS_LOAD!K29 -> 2.4132222 | E29: =GAS_LOAD!L29 -> 3.6198334 | F29: =1000000/365/24 -> 114.15525 | G29: 0 | H29: 0 | I29: =WIND!B29 -> 1382.8125 | J29: =WIND!C29 -> 117.1875 | K29: 0 | L29: 0 | M29: 650 | N29: 0 | O29: 0 | P29: 237 | Q29: 0 | R29: 0 | S29: 0
A30: =A6+1 -> 46208 | B30: 0.16666667 | C30: 5940 | D30: =GAS_LOAD!K30 -> 2.4132222 | E30: =GAS_LOAD!L30 -> 3.6198334 | F30: =1000000/365/24 -> 114.15525 | G30: 0 | H30: 0 | I30: =WIND!B30 -> 1253.75 | J30: =WIND!C30 -> 106.25 | K30: 0 | L30: 0 | M30: 650 | N30: 0 | O30: 0 | P30: 236 | Q30: 0 | R30: 0 | S30: 0
A31: =A7+1 -> 46208 | B31: 0.20833333 | C31: 5816 | D31: =GAS_LOAD!K31 -> 2.4132222 | E31: =GAS_LOAD!L31 -> 3.6198334 | F31: =1000000/365/24 -> 114.15525 | G31: 3 | H31: 0 | I31: =WIND!B31 -> 1291.5469 | J31: =WIND!C31 -> 109.45312 | K31: 0 | L31: 0 | M31: 650 | N31: 0 | O31: 0 | P31: 241 | Q31: 0 | R31: 0 | S31: 0
A32: =A8+1 -> 46208 | B32: 0.25 | C32: 5757 | D32: =GAS_LOAD!K32 -> 2.4132222 | E32: =GAS_LOAD!L32 -> 3.6198334 | F32: =1000000/365/24 -> 114.15525 | G32: 165 | H32: 0 | I32: =WIND!B32 -> 1345.9375 | J32: =WIND!C32 -> 114.0625 | K32: 0 | L32: 0 | M32: 650 | N32: 0 | O32: 0 | P32: 272 | Q32: 0 | R32: 0 | S32: 0
A33: =A9+1 -> 46208 | B33: 0.29166667 | C33: 5988 | D33: =GAS_LOAD!K33 -> 2.4132222 | E33: =GAS_LOAD!L33 -> 3.6198334 | F33: =1000000/365/24 -> 114.15525 | G33: 1029 | H33: 0 | I33: =WIND!B33 -> 1399.4062 | J33: =WIND!C33 -> 118.59375 | K33: 0 | L33: 0 | M33: 650 | N33: 0 | O33: 0 | P33: 288 | Q33: 0 | R33: 0 | S33: 0
A34: =A10+1 -> 46208 | B34: 0.33333333 | C34: 6451 | D34: =GAS_LOAD!K34 -> 2.4132222 | E34: =GAS_LOAD!L34 -> 3.6198334 | F34: =1000000/365/24 -> 114.15525 | G34: 2469 | H34: 0 | I34: =WIND!B34 -> 1330.2656 | J34: =WIND!C34 -> 112.73438 | K34: 0 | L34: 0 | M34: 650 | N34: 0 | O34: 0 | P34: 294 | Q34: 0 | R34: 0 | S34: 0
A35: =A11+1 -> 46208 | B35: 0.375 | C35: 6979 | D35: =GAS_LOAD!K35 -> 2.4132222 | E35: =GAS_LOAD!L35 -> 3.6198334 | F35: =1000000/365/24 -> 114.15525 | G35: 4284 | H35: 0 | I35: =WIND!B35 -> 1259.2812 | J35: =WIND!C35 -> 106.71875 | K35: 0 | L35: 0 | M35: 650 | N35: 0 | O35: 0 | P35: 299 | Q35: 0 | R35: 0 | S35: 0
A36: =A12+1 -> 46208 | B36: 0.41666667 | C36: 7384 | D36: =GAS_LOAD!K36 -> 2.4132222 | E36: =GAS_LOAD!L36 -> 3.6198334 | F36: =1000000/365/24 -> 114.15525 | G36: 5961 | H36: 0 | I36: =WIND!B36 -> 1306.2969 | J36: =WIND!C36 -> 110.70312 | K36: 0 | L36: 0 | M36: 650 | N36: 0 | O36: 0 | P36: 300 | Q36: 0 | R36: 0 | S36: 0
A37: =A13+1 -> 46208 | B37: 0.45833333 | C37: 7729 | D37: =GAS_LOAD!K37 -> 2.4132222 | E37: =GAS_LOAD!L37 -> 3.6198334 | F37: =1000000/365/24 -> 114.15525 | G37: 7074 | H37: 0 | I37: =WIND!B37 -> 1626.1875 | J37: =WIND!C37 -> 137.8125 | K37: 0 | L37: 0 | M37: 650 | N37: 0 | O37: 0 | P37: 300 | Q37: 0 | R37: 0 | S37: 0
... A8737: =A8713+1 -> 46570 | B8737: 342.95833 | C8737: 8463 | D8737: =GAS_LOAD!K8737 -> 2.4676277 | E8737: =GAS_LOAD!L8737 -> 3.7014416 | F8737: =1000000/365/24 -> 114.15525 | G8737: 0 | H8737: 0 | I8737: =WIND!B8737 -> 1088.7344 | J8737: =WIND!C8737 -> 92.265625 | K8737: 0 | L8737: 0 | M8737: 652 | N8737: 1150 | O8737: 0 | P8737: 235 | Q8737: 0 | R8737: 0 | S8737: 0

Sheet E_AVAIL
A1: Date | B1: Heure | C1: EMIN_STEP_8_PUMPS | D1: EMAX_STEP_8_PUMPS
A2: 46207 | B2: 0 | C2: 0 | D2: =ASSETS!$M$32 -> 201600
A3: 46207 | B3: 0.041666667 | C3: 0 | D3: =ASSETS!$M$32 -> 201600
A4: 46207 | B4: 0.083333333 | C4: 0 | D4: =ASSETS!$M$32 -> 201600
A5: 46207 | B5: 0.125 | C5: 0 | D5: =ASSETS!$M$32 -> 201600
A6: 46207 | B6: 0.16666667 | C6: 0 | D6: =ASSETS!$M$32 -> 201600
A7: 46207 | B7: 0.20833333 | C7: 0 | D7: =ASSETS!$M$32 -> 201600
A8: 46207 | B8: 0.25 | C8: 0 | D8: =ASSETS!$M$32 -> 201600
A9: 46207 | B9: 0.29166667 | C9: 0 | D9: =ASSETS!$M$32 -> 201600
A10: 46207 | B10: 0.33333333 | C10: 0 | D10: =ASSETS!$M$32 -> 201600
A11: 46207 | B11: 0.375 | C11: 0 | D11: =ASSETS!$M$32 -> 201600
A12: 46207 | B12: 0.41666667 | C12: 0 | D12: =ASSETS!$M$32 -> 201600
A13: 46207 | B13: 0.45833333 | C13: 0 | D13: =ASSETS!$M$32 -> 201600
... A25: 46207 | B25: 0.95833333 | C25: 0 | D25: =ASSETS!$M$32 -> 201600
A26: =A2+1 -> 46208 | B26: 0 | C26: 0 | D26: =ASSETS!$M$32 -> 201600
A27: =A3+1 -> 46208 | B27: 0.041666667 | C27: 0 | D27: =ASSETS!$M$32 -> 201600
A28: =A4+1 -> 46208 | B28: 0.083333333 | C28: 0 | D28: =ASSETS!$M$32 -> 201600
A29: =A5+1 -> 46208 | B29: 0.125 | C29: 0 | D29: =ASSETS!$M$32 -> 201600
A30: =A6+1 -> 46208 | B30: 0.16666667 | C30: 0 | D30: =ASSETS!$M$32 -> 201600
A31: =A7+1 -> 46208 | B31: 0.20833333 | C31: 0 | D31: =ASSETS!$M$32 -> 201600
A32: =A8+1 -> 46208 | B32: 0.25 | C32: 0 | D32: =ASSETS!$M$32 -> 201600
A33: =A9+1 -> 46208 | B33: 0.29166667 | C33: 0 | D33: =ASSETS!$M$32 -> 201600
A34: =A10+1 -> 46208 | B34: 0.33333333 | C34: 0 | D34: =ASSETS!$M$32 -> 201600
A35: =A11+1 -> 46208 | B35: 0.375 | C35: 0 | D35: =ASSETS!$M$32 -> 201600
A36: =A12+1 -> 46208 | B36: 0.41666667 | C36: 0 | D36: =ASSETS!$M$32 -> 201600
A37: =A13+1 -> 46208 | B37: 0.45833333 | C37: 0 | D37: =ASSETS!$M$32 -> 201600
... A529: =A505+1 -> 46228 | B529: 0.95833333 | C529: 0 | D529: =ASSETS!$M$32 -> 201600

Sheet GAS_LOAD
A1: Date | B1: Consommation CH4 (GWh/j) | H1: GAS_LOAD_N_DAY | I1: GAS_LOAD_S_DAY | K1: GAS_LOAD_N | L1: GAS_LOAD_S
A2: 46204 | B2: 147.57265 | D2: Nord | E2: 0.4 | F2: consommation totale | H2: =B2*0.4 -> 59.029061 | I2: =B2*0.6 -> 88.543591 | K2: {=INDEX($H$2:$H$366,INT((ROW()-2)/24)+1)/24} -> 2.4595442 | L2: {=INDEX($I$2:$I$366,INT((ROW()-2)/24)+1)/24} -> 3.6893163
A3: 46205 | B3: 144.79333 | D3: Conso max Nord | E3: 163 | F3: GWh/j | H3: =B3*0.4 -> 57.917334 | I3: =B3*0.6 -> 86.876001 | K3: {=INDEX($H$2:$H$366,INT((ROW()-2)/24)+1)/24} -> 2.4595442 | L3: {=INDEX($I$2:$I$366,INT((ROW()-2)/24)+1)/24} -> 3.6893163
A4: 46206 | B4: 144.21399 | D4: Sud | E4: 0.6 | F4: consommation totale | H4: =B4*0.4 -> 57.685597 | I4: =B4*0.6 -> 86.528395 | K4: {=INDEX($H$2:$H$366,INT((ROW()-2)/24)+1)/24} -> 2.4595442 | L4: {=INDEX($I$2:$I$366,INT((ROW()-2)/24)+1)/24} -> 3.6893163
A5: 46207 | B5: 143.53787 | D5: Conso max Sud | E5: 244 | F5: GWh/j | H5: =B5*0.4 -> 57.415148 | I5: =B5*0.6 -> 86.122722 | K5: {=INDEX($H$2:$H$366,INT((ROW()-2)/24)+1)/24} -> 2.4595442 | L5: {=INDEX($I$2:$I$366,INT((ROW()-2)/24)+1)/24} -> 3.6893163
A6: 46208 | B6: 143.17218 | H6: =B6*0.4 -> 57.268873 | I6: =B6*0.6 -> 85.90331 | K6: {=INDEX($H$2:$H$366,INT((ROW()-2)/24)+1)/24} -> 2.4595442 | L6: {=INDEX($I$2:$I$366,INT((ROW()-2)/24)+1)/24} -> 3.6893163
A7: 46209 | B7: 142.83394 | H7: =B7*0.4 -> 57.133575 | I7: =B7*0.6 -> 85.700362 | K7: {=INDEX($H$2:$H$366,INT((ROW()-2)/24)+1)/24} -> 2.4595442 | L7: {=INDEX($I$2:$I$366,INT((ROW()-2)/24)+1)/24} -> 3.6893163
A8: 46210 | B8: 142.58891 | H8: =B8*0.4 -> 57.035564 | I8: =B8*0.6 -> 85.553346 | K8: {=INDEX($H$2:$H$366,INT((ROW()-2)/24)+1)/24} -> 2.4595442 | L8: {=INDEX($I$2:$I$366,INT((ROW()-2)/24)+1)/24} -> 3.6893163
A9: 46211 | B9: 142.29027 | H9: =B9*0.4 -> 56.916106 | I9: =B9*0.6 -> 85.374159 | K9: {=INDEX($H$2:$H$366,INT((ROW()-2)/24)+1)/24} -> 2.4595442 | L9: {=INDEX($I$2:$I$366,INT((ROW()-2)/24)+1)/24} -> 3.6893163
A10: 46212 | B10: 142.21403 | H10: =B10*0.4 -> 56.885611 | I10: =B10*0.6 -> 85.328417 | K10: {=INDEX($H$2:$H$366,INT((ROW()-2)/24)+1)/24} -> 2.4595442 | L10: {=INDEX($I$2:$I$366,INT((ROW()-2)/24)+1)/24} -> 3.6893163
A11: 46213 | B11: 142.26305 | H11: =B11*0.4 -> 56.905219 | I11: =B11*0.6 -> 85.357829 | K11: {=INDEX($H$2:$H$366,INT((ROW()-2)/24)+1)/24} -> 2.4595442 | L11: {=INDEX($I$2:$I$366,INT((ROW()-2)/24)+1)/24} -> 3.6893163
A12: 46214 | B12: 142.34114 | H12: =B12*0.4 -> 56.936456 | I12: =B12*0.6 -> 85.404684 | K12: {=INDEX($H$2:$H$366,INT((ROW()-2)/24)+1)/24} -> 2.4595442 | L12: {=INDEX($I$2:$I$366,INT((ROW()-2)/24)+1)/24} -> 3.6893163
A13: 46215 | B13: 142.80034 | H13: =B13*0.4 -> 57.120137 | I13: =B13*0.6 -> 85.680205 | K13: {=INDEX($H$2:$H$366,INT((ROW()-2)/24)+1)/24} -> 2.4595442 | L13: {=INDEX($I$2:$I$366,INT((ROW()-2)/24)+1)/24} -> 3.6893163
A14: 46216 | B14: 143.08964 | H14: =B14*0.4 -> 57.235857 | I14: =B14*0.6 -> 85.853786 | K14: {=INDEX($H$2:$H$366,INT((ROW()-2)/24)+1)/24} -> 2.4595442 | L14: {=INDEX($I$2:$I$366,INT((ROW()-2)/24)+1)/24} -> 3.6893163
A15: 46217 | B15: 143.54061 | H15: =B15*0.4 -> 57.416245 | I15: =B15*0.6 -> 86.124368 | K15: {=INDEX($H$2:$H$366,INT((ROW()-2)/24)+1)/24} -> 2.4595442 | L15: {=INDEX($I$2:$I$366,INT((ROW()-2)/24)+1)/24} -> 3.6893163
A16: 46218 | B16: 143.64132 | H16: =B16*0.4 -> 57.456529 | I16: =B16*0.6 -> 86.184794 | K16: {=INDEX($H$2:$H$366,INT((ROW()-2)/24)+1)/24} -> 2.4595442 | L16: {=INDEX($I$2:$I$366,INT((ROW()-2)/24)+1)/24} -> 3.6893163
A17: 46219 | B17: 143.59431 | H17: =B17*0.4 -> 57.437722 | I17: =B17*0.6 -> 86.156583 | K17: {=INDEX($H$2:$H$366,INT((ROW()-2)/24)+1)/24} -> 2.4595442 | L17: {=INDEX($I$2:$I$366,INT((ROW()-2)/24)+1)/24} -> 3.6893163
... A366: 46568 | B366: 147.8997 | H366: =B366*0.4 -> 59.15988 | I366: =B366*0.6 -> 88.73982 | K366: {=INDEX($H$2:$H$366,INT((ROW()-2)/24)+1)/24} -> 2.3932384 | L366: {=INDEX($I$2:$I$366,INT((ROW()-2)/24)+1)/24} -> 3.5898576
K367: {=INDEX($H$2:$H$366,INT((ROW()-2)/24)+1)/24} -> 2.3932384 | L367: {=INDEX($I$2:$I$366,INT((ROW()-2)/24)+1)/24} -> 3.5898576
K368: {=INDEX($H$2:$H$366,INT((ROW()-2)/24)+1)/24} -> 2.3932384 | L368: {=INDEX($I$2:$I$366,INT((ROW()-2)/24)+1)/24} -> 3.5898576
K369: {=INDEX($H$2:$H$366,INT((ROW()-2)/24)+1)/24} -> 2.3932384 | L369: {=INDEX($I$2:$I$366,INT((ROW()-2)/24)+1)/24} -> 3.5898576
K370: {=INDEX($H$2:$H$366,INT((ROW()-2)/24)+1)/24} -> 2.3932384 | L370: {=INDEX($I$2:$I$366,INT((ROW()-2)/24)+1)/24} -> 3.5898576
K371: {=INDEX($H$2:$H$366,INT((ROW()-2)/24)+1)/24} -> 2.3932384 | L371: {=INDEX($I$2:$I$366,INT((ROW()-2)/24)+1)/24} -> 3.5898576
K372: {=INDEX($H$2:$H$366,INT((ROW()-2)/24)+1)/24} -> 2.3932384 | L372: {=INDEX($I$2:$I$366,INT((ROW()-2)/24)+1)/24} -> 3.5898576
K373: {=INDEX($H$2:$H$366,INT((ROW()-2)/24)+1)/24} -> 2.3932384 | L373: {=INDEX($I$2:$I$366,INT((ROW()-2)/24)+1)/24} -> 3.5898576
K374: {=INDEX($H$2:$H$366,INT((ROW()-2)/24)+1)/24} -> 2.3932384 | L374: {=INDEX($I$2:$I$366,INT((ROW()-2)/24)+1)/24} -> 3.5898576
K375: {=INDEX($H$2:$H$366,INT((ROW()-2)/24)+1)/24} -> 2.3932384 | L375: {=INDEX($I$2:$I$366,INT((ROW()-2)/24)+1)/24} -> 3.5898576
K376: {=INDEX($H$2:$H$366,INT((ROW()-2)/24)+1)/24} -> 2.3932384 | L376: {=INDEX($I$2:$I$366,INT((ROW()-2)/24)+1)/24} -> 3.5898576
K377: {=INDEX($H$2:$H$366,INT((ROW()-2)/24)+1)/24} -> 2.3932384 | L377: {=INDEX($I$2:$I$366,INT((ROW()-2)/24)+1)/24} -> 3.5898576
K378: {=INDEX($H$2:$H$366,INT((ROW()-2)/24)+1)/24} -> 2.3932384 | L378: {=INDEX($I$2:$I$366,INT((ROW()-2)/24)+1)/24} -> 3.5898576
... K8761: {=INDEX($H$2:$H$366,INT((ROW()-2)/24)+1)/24} -> 2.464995 | L8761: {=INDEX($I$2:$I$366,INT((ROW()-2)/24)+1)/24} -> 3.6974925

Sheet WIND
A1: Eolien total fatal (MW) | B1: Eolien terrestre fatal (MW) | C1: Eolien offshore fatal (MW)
A2: 716 | B2: =A2*ASSETS!$F$29/(ASSETS!$F$30+ASSETS!$F$29) -> 660.0625 | C2: =A2*ASSETS!$F$30/(ASSETS!$F$30+ASSETS!$F$29) -> 55.9375
A3: 569 | B3: =A3*ASSETS!$F$29/(ASSETS!$F$30+ASSETS!$F$29) -> 524.54688 | C3: =A3*ASSETS!$F$30/(ASSETS!$F$30+ASSETS!$F$29) -> 44.453125
A4: 488 | B4: =A4*ASSETS!$F$29/(ASSETS!$F$30+ASSETS!$F$29) -> 449.875 | C4: =A4*ASSETS!$F$30/(ASSETS!$F$30+ASSETS!$F$29) -> 38.125
A5: 371 | B5: =A5*ASSETS!$F$29/(ASSETS!$F$30+ASSETS!$F$29) -> 342.01562 | C5: =A5*ASSETS!$F$30/(ASSETS!$F$30+ASSETS!$F$29) -> 28.984375
A6: 385 | B6: =A6*ASSETS!$F$29/(ASSETS!$F$30+ASSETS!$F$29) -> 354.92188 | C6: =A6*ASSETS!$F$30/(ASSETS!$F$30+ASSETS!$F$29) -> 30.078125
A7: 344 | B7: =A7*ASSETS!$F$29/(ASSETS!$F$30+ASSETS!$F$29) -> 317.125 | C7: =A7*ASSETS!$F$30/(ASSETS!$F$30+ASSETS!$F$29) -> 26.875
A8: 355 | B8: =A8*ASSETS!$F$29/(ASSETS!$F$30+ASSETS!$F$29) -> 327.26562 | C8: =A8*ASSETS!$F$30/(ASSETS!$F$30+ASSETS!$F$29) -> 27.734375
A9: 467 | B9: =A9*ASSETS!$F$29/(ASSETS!$F$30+ASSETS!$F$29) -> 430.51562 | C9: =A9*ASSETS!$F$30/(ASSETS!$F$30+ASSETS!$F$29) -> 36.484375
A10: 486 | B10: =A10*ASSETS!$F$29/(ASSETS!$F$30+ASSETS!$F$29) -> 448.03125 | C10: =A10*ASSETS!$F$30/(ASSETS!$F$30+ASSETS!$F$29) -> 37.96875
A11: 436 | B11: =A11*ASSETS!$F$29/(ASSETS!$F$30+ASSETS!$F$29) -> 401.9375 | C11: =A11*ASSETS!$F$30/(ASSETS!$F$30+ASSETS!$F$29) -> 34.0625
A12: 487 | B12: =A12*ASSETS!$F$29/(ASSETS!$F$30+ASSETS!$F$29) -> 448.95312 | C12: =A12*ASSETS!$F$30/(ASSETS!$F$30+ASSETS!$F$29) -> 38.046875
A13: 666 | B13: =A13*ASSETS!$F$29/(ASSETS!$F$30+ASSETS!$F$29) -> 613.96875 | C13: =A13*ASSETS!$F$30/(ASSETS!$F$30+ASSETS!$F$29) -> 52.03125
... A8737: 1181 | B8737: =A8737*ASSETS!$F$29/(ASSETS!$F$30+ASSETS!$F$29) -> 1088.7344 | C8737: =A8737*ASSETS!$F$30/(ASSETS!$F$30+ASSETS!$F$29) -> 92.265625
